2-gram,Frequency,Cluster
"('european', 'union')",492,0
"('party', 'continue')",424,0
"('human', 'rights')",424,0
"('united', 'states')",402,0
"('middle', 'east')",352,0
"('foreign', 'policy')",337,0
"('united', 'nations')",306,0
"('party', 'party')",287,0
"('northern', 'ireland')",263,0
"('nuclear', 'weapons')",203,0
"('party', 'work')",162,0
"('member', 'states')",155,0
"('international', 'law')",151,0
"('party', 'problem')",142,0
"('soviet', 'union')",136,0
"('republic', 'party')",134,0
"('within', 'framework')",131,0
"('party', 'also')",118,0
"('government', 'party')",115,0
"('armed', 'forces')",114,0
"('security', 'council')",105,0
"('free', 'trade')",105,0
"('peace', 'stability')",92,0
"('party', 'support')",88,0
"('peace', 'security')",87,0
"('party', 'must')",85,0
"('international', 'community')",84,0
"('rule', 'law')",83,0
"('puerto', 'rico')",80,0
"('eu', 'party')",78,0
"('latin', 'party')",78,0
"('security', 'policy')",78,0
"('political', 'economic')",77,0
"('party', 'make')",76,0
"('arms', 'control')",76,0
"('solution', 'party')",73,0
"('administration', 'party')",73,0
"('continue', 'support')",72,0
"('free', 'democrats')",70,0
"('eastern', 'mediterranean')",67,0
"('party', 'ensure')",65,0
"('policy', 'party')",65,0
"('territorial', 'integrity')",64,0
"('union', 'party')",64,0
"('south', 'africa')",64,0
"('party', 'seek')",63,0
"('states', 'party')",63,0
"('eastern', 'europe')",63,0
"('relations', 'party')",61,0
"('economic', 'social')",60,0
"('continue', 'work')",60,0
"('democratic', 'administration')",59,0
"('europe', 'party')",58,0
"('economic', 'development')",58,0
"('labour', 'government')",58,0
"('climate', 'change')",57,0
"('party', 'take')",56,0
"('eu', 'member')",56,0
"('federal', 'government')",56,0
"('national', 'security')",55,0
"('turkish', 'cypriots')",55,0
"('economic', 'political')",54,0
"('countries', 'party')",54,0
"('civil', 'society')",53,0
"('party', 'maintain')",52,0
"('peace', 'process')",52,0
"('party', 'europe')",52,0
"('foreign', 'security')",52,0
"('president', 'party')",51,0
"('european', 'parliament')",50,0
"('black', 'sea')",49,0
"('party', 'become')",49,0
"('federal', 'republic')",49,0
"('die', 'linke')",49,0
"('east', 'party')",48,0
"('must', 'also')",48,0
"('cdu', 'csu')",48,0
"('world', 'party')",47,0
"('around', 'world')",47,0
"('eu', 'membership')",47,0
"('turkish', 'cypriot')",47,0
"('council', 'europe')",47,0
"('un', 'security')",47,0
"('labour', 'party')",45,0
"('first', 'time')",44,0
"('world', 'trade')",44,0
"('north', 'korea')",44,0
"('international', 'organizations')",43,0
"('policy', 'must')",43,0
"('economic', 'cooperation')",43,0
"('party', 'allow')",42,0
"('long', 'term')",42,0
"('accession', 'negotiations')",42,0
"('recent', 'years')",42,0
"('national', 'interests')",41,0
"('german', 'government')",41,0
"('fundamental', 'rights')",40,0
"('lasting', 'peace')",40,0
"('full', 'membership')",40,0
"('party', 'eu')",40,0
"('social', 'security')",249,1
"('income', 'tax')",240,1
"('minimum', 'wage')",190,1
"('tax', 'rate')",142,1
"('health', 'insurance')",139,1
"('party', 'also')",118,1
"('per', 'year')",118,1
"('pension', 'insurance')",112,1
"('unemployment', 'benefit')",112,1
"('young', 'people')",111,1
"('statutory', 'pension')",103,1
"('per', 'cent')",98,1
"('euros', 'per')",89,1
"('old', 'age')",88,1
"('child', 'benefit')",85,1
"('real', 'estate')",81,1
"('per', 'week')",78,1
"('per', 'month')",77,1
"('insurance', 'contributions')",77,1
"('working', 'hours')",73,1
"('insured', 'persons')",73,1
"('two', 'years')",73,1
"('longterm', 'care')",68,1
"('party', 'receive')",67,1
"('tax', 'relief')",67,1
"('party', 'increase')",66,1
"('retirement', 'age')",66,1
"('tax', 'rates')",65,1
"('national', 'insurance')",63,1
"('child', 'allowance')",62,1
"('must', 'also')",62,1
"('public', 'sector')",61,1
"('billion', 'euros')",61,1
"('three', 'years')",60,1
"('basic', 'income')",60,1
"('care', 'insurance')",60,1
"('party', 'introduce')",58,1
"('security', 'contributions')",58,1
"('civil', 'servants')",57,1
"('disabled', 'people')",56,1
"('labor', 'market')",56,1
"('want', 'introduce')",55,1
"('first', 'time')",53,1
"('health', 'care')",53,1
"('free', 'democrats')",52,1
"('party', 'able')",51,1
"('state', 'pension')",51,1
"('unemployment', 'insurance')",50,1
"('longterm', 'unemployed')",50,1
"('taken', 'account')",49,1
"('social', 'insurance')",49,1
"('wealth', 'tax')",48,1
"('single', 'parents')",48,1
"('insurance', 'scheme')",47,1
"('capital', 'gains')",47,1
"('pension', 'scheme')",47,1
"('party', 'make')",46,1
"('parental', 'allowance')",46,1
"('insurance', 'system')",45,1
"('tax', 'credit')",45,1
"('basic', 'child')",45,1
"('benefit', 'ii')",45,1
"('statutory', 'minimum')",45,1
"('pension', 'provision')",45,1
"('die', 'linke')",45,1
"('party', 'ensure')",44,1
"('income', 'support')",44,1
"('people', 'disabilities')",43,1
"('citizens', 'income')",43,1
"('first', 'step')",43,1
"('democrats', 'want')",43,1
"('tax', 'burden')",42,1
"('tax', 'system')",42,1
"('parental', 'leave')",42,1
"('basic', 'security')",42,1
"('inheritance', 'tax')",42,1
"('private', 'pension')",41,1
"('earning', 'capacity')",39,1
"('federal', 'government')",39,1
"('party', 'provide')",38,1
"('one', 'year')",38,1
"('private', 'sector')",38,1
"('party', 'continue')",38,1
"('party', 'pay')",37,1
"('party', 'give')",37,1
"('long', 'term')",37,1
"('million', 'euros')",37,1
"('want', 'abolish')",37,1
"('married', 'couples')",36,1
"('parttime', 'work')",36,1
"('five', 'years')",36,1
"('local', 'authorities')",36,1
"('reduced', 'earning')",36,1
"('pension', 'plans')",36,1
"('party', 'paid')",35,1
"('people', 'party')",35,1
"('small', 'mediumsized')",35,1
"('insurance', 'funds')",35,1
"('also', 'want')",35,1
"('oldage', 'provision')",35,1
"('party', 'established')",894,2
"('party', 'ensured')",805,2
"('party', 'made')",765,2
"('party', 'increased')",500,2
"('party', 'provided')",498,2
"('system', 'party')",420,2
"('party', 'developed')",407,2
"('party', 'party')",393,2
"('party', 'encouraged')",376,2
"('party', 'taken')",324,2
"('party', 'given')",324,2
"('party', 'prevented')",322,2
"('party', 'implemented')",275,2
"('party', 'eliminated')",269,2
"('party', 'improved')",269,2
"('services', 'party')",244,2
"('party', 'supported')",239,2
"('private', 'sector')",209,2
"('party', 'created')",195,2
"('young', 'people')",195,2
"('measures', 'party')",194,2
"('party', 'strengthened')",193,2
"('within', 'framework')",188,2
"('party', 'reduced')",188,2
"('sector', 'party')",187,2
"('education', 'party')",179,2
"('policies', 'party')",173,2
"('party', 'also')",169,2
"('party', 'abolished')",159,2
"('arrangements', 'party')",158,2
"('party', 'put')",155,2
"('party', 'continue')",151,2
"('resources', 'party')",148,2
"('social', 'security')",146,2
"('party', 'restructured')",145,2
"('party', 'expanded')",144,2
"('taking', 'account')",142,2
"('citizens', 'party')",142,2
"('emphasis', 'party')",139,2
"('party', 'ensure')",137,2
"('policy', 'party')",137,2
"('public', 'sector')",129,2
"('party', 'protected')",126,2
"('party', 'become')",126,2
"('economic', 'social')",122,2
"('party', 'used')",122,2
"('people', 'party')",122,2
"('party', 'ended')",116,2
"('country', 'party')",115,2
"('infrastructure', 'party')",114,2
"('party', 'allowed')",112,2
"('party', 'carried')",112,2
"('centers', 'party')",111,2
"('party', 'completed')",109,2
"('local', 'governments')",107,2
"('investments', 'party')",107,2
"('activities', 'party')",106,2
"('projects', 'party')",104,2
"('structure', 'party')",102,2
"('institutions', 'party')",102,2
"('party', 'transformed')",101,2
"('party', 'based')",101,2
"('support', 'party')",101,2
"('party', 'able')",100,2
"('party', 'removed')",99,2
"('workers', 'party')",99,2
"('party', 'raised')",99,2
"('party', 'introduced')",99,2
"('order', 'ensure')",98,2
"('party', 'increase')",97,2
"('party', 'realized')",97,2
"('higher', 'education')",96,2
"('party', 'government')",92,2
"('programs', 'party')",91,2
"('opportunities', 'party')",90,2
"('public', 'institutions')",89,2
"('public', 'administration')",89,2
"('health', 'services')",88,2
"('party', 'emphasized')",88,2
"('party', 'activated')",88,2
"('organizations', 'party')",87,2
"('within', 'scope')",86,2
"('civil', 'society')",85,2
"('party', 'reorganized')",85,2
"('economy', 'party')",83,2
"('party', 'make')",83,2
"('party', 'brought')",83,2
"('production', 'party')",81,2
"('industry', 'party')",81,2
"('party', 'placed')",81,2
"('state', 'party')",79,2
"('transportation', 'party')",79,2
"('administration', 'party')",78,2
"('added', 'value')",78,2
"('social', 'assistance')",77,2
"('employment', 'party')",77,2
"('law', 'party')",76,2
"('party', 'organized')",75,2
"('areas', 'party')",75,2
"('put', 'practice')",74,2
"('party', 'continue')",602,3
"('party', 'also')",590,3
"('party', 'ensure')",511,3
"('northern', 'ireland')",503,3
"('local', 'authorities')",384,3
"('labour', 'party')",381,3
"('per', 'cent')",361,3
"('government', 'party')",347,3
"('young', 'people')",309,3
"('uk', 'government')",302,3
"('party', 'support')",290,3
"('party', 'introduce')",288,3
"('party', 'work')",281,3
"('party', 'make')",279,3
"('mental', 'health')",275,3
"('plaid', 'cymru')",269,3
"('public', 'services')",266,3
"('snp', 'mps')",261,3
"('mps', 'party')",258,3
"('local', 'government')",238,3
"('party', 'give')",230,3
"('party', 'help')",192,3
"('public', 'sector')",185,3
"('labour', 'government')",185,3
"('party', 'increase')",177,3
"('party', 'party')",174,3
"('party', 'encourage')",173,3
"('next', 'parliament')",172,3
"('social', 'care')",169,3
"('make', 'sure')",162,3
"('climate', 'change')",159,3
"('party', 'provide')",157,3
"('small', 'businesses')",155,3
"('health', 'service')",155,3
"('human', 'rights')",154,3
"('party', 'take')",151,3
"('ukip', 'party')",151,3
"('public', 'transport')",150,3
"('party', 'create')",146,3
"('party', 'set')",145,3
"('party', 'establish')",142,3
"('income', 'tax')",138,3
"('party', 'seek')",131,3
"('party', 'press')",129,3
"('private', 'sector')",127,3
"('scottish', 'government')",125,3
"('party', 'build')",124,3
"('armed', 'forces')",121,3
"('higher', 'education')",114,3
"('health', 'care')",113,3
"('conservative', 'government')",111,3
"('cymru', 'party')",111,3
"('social', 'security')",110,3
"('introduce', 'new')",109,3
"('five', 'years')",108,3
"('party', 'end')",108,3
"('party', 'improve')",107,3
"('disabled', 'people')",104,3
"('new', 'deal')",104,3
"('party', 'allow')",102,3
"('local', 'councils')",102,3
"('scottish', 'parliament')",101,3
"('parliament', 'party')",101,3
"('services', 'party')",100,3
"('party', 'invest')",100,3
"('party', 'use')",100,3
"('party', 'bring')",99,3
"('older', 'people')",98,3
"('snp', 'party')",93,3
"('health', 'services')",92,3
"('renewable', 'energy')",89,3
"('rural', 'areas')",89,3
"('local', 'communities')",89,3
"('across', 'uk')",89,3
"('party', 'able')",88,3
"('party', 'require')",87,3
"('health', 'social')",87,3
"('party', 'strengthen')",85,3
"('party', 'put')",84,3
"('party', 'review')",84,3
"('create', 'new')",83,3
"('per', 'year')",81,3
"('minimum', 'wage')",81,3
"('continue', 'support')",81,3
"('living', 'wage')",80,3
"('party', 'deliver')",78,3
"('local', 'authority')",77,3
"('party', 'reform')",77,3
"('local', 'people')",77,3
"('european', 'union')",77,3
"('party', 'include')",76,3
"('party', 'extend')",76,3
"('party', 'enable')",74,3
"('house', 'commons')",74,3
"('party', 'protect')",73,3
"('scotland', 'wales')",73,3
"('system', 'party')",71,3
"('education', 'training')",71,3
"('people', 'party')",71,3
"('early', 'years')",71,3
"('young', 'people')",246,4
"('higher', 'education')",243,4
"('public', 'sector')",222,4
"('local', 'authorities')",203,4
"('local', 'government')",197,4
"('health', 'care')",195,4
"('social', 'security')",177,4
"('small', 'mediumsized')",167,4
"('public', 'administration')",149,4
"('armed', 'forces')",149,4
"('private', 'sector')",134,4
"('within', 'framework')",130,4
"('renewable', 'energy')",129,4
"('institutional', 'framework')",125,4
"('human', 'resources')",117,4
"('cultural', 'heritage')",117,4
"('mediumsized', 'enterprises')",116,4
"('people', 'disabilities')",114,4
"('european', 'union')",113,4
"('new', 'technologies')",112,4
"('education', 'training')",110,4
"('waste', 'management')",108,4
"('regional', 'development')",107,4
"('vocational', 'education')",106,4
"('labour', 'market')",106,4
"('civil', 'society')",105,4
"('agricultural', 'products')",105,4
"('rural', 'development')",105,4
"('energy', 'sources')",105,4
"('health', 'services')",104,4
"('actions', 'implementation')",104,4
"('public', 'private')",101,4
"('taking', 'account')",97,4
"('quality', 'life')",93,4
"('public', 'transport')",92,4
"('party', 'ensure')",89,4
"('vocational', 'training')",89,4
"('water', 'resources')",87,4
"('rural', 'areas')",85,4
"('sustainable', 'development')",84,4
"('creation', 'new')",83,4
"('public', 'services')",79,4
"('agricultural', 'production')",78,4
"('environmentally', 'friendly')",77,4
"('environmental', 'protection')",76,4
"('economic', 'social')",74,4
"('secondary', 'education')",73,4
"('health', 'insurance')",73,4
"('republic', 'party')",72,4
"('ministry', 'interior')",72,4
"('infrastructure', 'projects')",72,4
"('protected', 'areas')",72,4
"('financial', 'resources')",71,4
"('medical', 'care')",71,4
"('education', 'institutions')",70,4
"('financial', 'support')",70,4
"('new', 'jobs')",70,4
"('party', 'continue')",69,4
"('high', 'quality')",69,4
"('labor', 'market')",69,4
"('eu', 'funds')",69,4
"('order', 'ensure')",68,4
"('education', 'system')",67,4
"('ministry', 'education')",67,4
"('natural', 'resources')",66,4
"('civil', 'servants')",66,4
"('natural', 'gas')",66,4
"('information', 'system')",65,4
"('sports', 'facilities')",65,4
"('urban', 'planning')",65,4
"('agricultural', 'sector')",64,4
"('human', 'rights')",61,4
"('party', 'provide')",61,4
"('action', 'plan')",61,4
"('legal', 'framework')",61,4
"('real', 'estate')",60,4
"('research', 'development')",59,4
"('improve', 'quality')",58,4
"('energy', 'efficiency')",58,4
"('local', 'governments')",57,4
"('public', 'procurement')",57,4
"('party', 'also')",57,4
"('must', 'also')",57,4
"('climate', 'change')",56,4
"('services', 'provided')",56,4
"('improving', 'quality')",54,4
"('training', 'programmes')",54,4
"('high', 'school')",53,4
"('working', 'hours')",52,4
"('spatial', 'planning')",52,4
"('public', 'health')",52,4
"('tax', 'evasion')",52,4
"('lifelong', 'learning')",52,4
"('primary', 'health')",50,4
"('social', 'services')",50,4
"('economic', 'development')",50,4
"('throughout', 'country')",50,4
"('first', 'time')",50,4
"('strategic', 'plan')",50,4
"('legislative', 'framework')",50,4
"('young', 'people')",558,5
"('health', 'care')",250,5
"('people', 'disabilities')",235,5
"('children', 'young')",149,5
"('labor', 'market')",142,5
"('must', 'also')",135,5
"('old', 'age')",131,5
"('social', 'security')",128,5
"('equal', 'opportunities')",124,5
"('daycare', 'centers')",115,5
"('working', 'conditions')",114,5
"('women', 'men')",108,5
"('need', 'care')",105,5
"('want', 'strengthen')",103,5
"('rural', 'areas')",102,5
"('older', 'people')",102,5
"('continuing', 'education')",97,5
"('die', 'linke')",90,5
"('public', 'services')",87,5
"('education', 'system')",87,5
"('people', 'need')",86,5
"('working', 'hours')",79,5
"('quality', 'life')",79,5
"('also', 'want')",79,5
"('mental', 'health')",77,5
"('every', 'child')",77,5
"('want', 'make')",76,5
"('must', 'able')",74,5
"('many', 'people')",72,5
"('free', 'democrats')",72,5
"('also', 'includes')",71,5
"('education', 'training')",68,5
"('party', 'continue')",68,5
"('longterm', 'care')",68,5
"('disabled', 'people')",67,5
"('public', 'transport')",67,5
"('civil', 'society')",65,5
"('want', 'create')",65,5
"('everyday', 'life')",64,5
"('must', 'become')",62,5
"('vocational', 'training')",61,5
"('human', 'rights')",61,5
"('equal', 'rights')",60,5
"('social', 'services')",59,5
"('good', 'work')",59,5
"('people', 'want')",57,5
"('educational', 'institutions')",57,5
"('health', 'insurance')",57,5
"('gainful', 'employment')",56,5
"('want', 'promote')",56,5
"('higher', 'education')",55,5
"('framework', 'conditions')",55,5
"('men', 'women')",54,5
"('lifelong', 'learning')",54,5
"('single', 'parents')",54,5
"('equal', 'pay')",52,5
"('public', 'sector')",52,5
"('care', 'system')",52,5
"('want', 'expand')",52,5
"('early', 'childhood')",51,5
"('good', 'education')",51,5
"('want', 'improve')",51,5
"('must', 'given')",50,5
"('educational', 'opportunities')",50,5
"('want', 'ensure')",50,5
"('people', 'must')",50,5
"('working', 'life')",49,5
"('children', 'need')",49,5
"('medical', 'care')",48,5
"('social', 'life')",47,5
"('support', 'children')",46,5
"('therefore', 'want')",45,5
"('local', 'authorities')",44,5
"('want', 'support')",44,5
"('take', 'responsibility')",44,5
"('work', 'must')",44,5
"('also', 'need')",44,5
"('best', 'possible')",44,5
"('centers', 'schools')",44,5
"('family', 'career')",43,5
"('youth', 'welfare')",43,5
"('party', 'ensure')",42,5
"('working', 'time')",42,5
"('also', 'means')",42,5
"('care', 'insurance')",42,5
"('make', 'easier')",42,5
"('committed', 'ensuring')",41,5
"('allday', 'schools')",41,5
"('education', 'must')",41,5
"('cdu', 'csu')",41,5
"('people', 'live')",40,5
"('selfdetermined', 'life')",40,5
"('federal', 'government')",40,5
"('care', 'services')",38,5
"('freedom', 'choice')",38,5
"('skilled', 'workers')",38,5
"('legal', 'right')",38,5
"('access', 'education')",37,5
"('must', 'made')",37,5
"('welfare', 'state')",37,5
"('5', 'strengthening')",1,6
"('strengthening', 'europe')",1,6
"('27', 'increasing')",1,6
"('increasing', 'career')",1,6
"('career', 'opportunities')",1,6
"('55', 'strengthening')",1,6
"('strengthening', 'solidarity')",1,6
"('party', 'continue')",251,7
"('climate', 'protection')",246,7
"('want', 'strengthen')",243,7
"('renewable', 'energies')",231,7
"('also', 'want')",207,7
"('federal', 'government')",199,7
"('small', 'mediumsized')",182,7
"('young', 'people')",174,7
"('framework', 'conditions')",174,7
"('must', 'also')",157,7
"('rural', 'areas')",149,7
"('want', 'promote')",146,7
"('mediumsized', 'enterprises')",143,7
"('free', 'democrats')",143,7
"('labor', 'market')",141,7
"('party', 'also')",141,7
"('want', 'make')",139,7
"('european', 'union')",137,7
"('long', 'term')",135,7
"('raw', 'materials')",134,7
"('public', 'transport')",128,7
"('social', 'security')",125,7
"('energy', 'transition')",117,7
"('want', 'create')",116,7
"('human', 'rights')",115,7
"('research', 'development')",114,7
"('development', 'cooperation')",114,7
"('end', 'want')",110,7
"('federal', 'state')",109,7
"('federal', 'states')",108,7
"('within', 'framework')",107,7
"('want', 'develop')",104,7
"('sustainable', 'development')",102,7
"('climate', 'change')",101,7
"('renewable', 'energy')",99,7
"('want', 'improve')",97,7
"('therefore', 'want')",97,7
"('civil', 'society')",96,7
"('vocational', 'training')",96,7
"('party', 'therefore')",96,7
"('new', 'jobs')",95,7
"('european', 'level')",94,7
"('want', 'expand')",93,7
"('member', 'states')",92,7
"('billion', 'euros')",89,7
"('want', 'ensure')",89,7
"('energy', 'efficiency')",87,7
"('party', 'ensure')",86,7
"('environmentally', 'friendly')",85,7
"('want', 'continue')",85,7
"('economic', 'development')",84,7
"('energy', 'supply')",82,7
"('nature', 'conservation')",82,7
"('want', 'support')",81,7
"('development', 'policy')",80,7
"('eastern', 'party')",80,7
"('democrats', 'want')",80,7
"('end', 'party')",79,7
"('public', 'sector')",79,7
"('data', 'protection')",79,7
"('higher', 'education')",78,7
"('new', 'technologies')",74,7
"('private', 'sector')",74,7
"('market', 'economy')",74,7
"('economic', 'growth')",72,7
"('must', 'become')",71,7
"('die', 'linke')",71,7
"('party', 'make')",70,7
"('energy', 'sources')",70,7
"('economic', 'policy')",69,7
"('developing', 'countries')",67,7
"('energy', 'policy')",67,7
"('environmental', 'protection')",67,7
"('health', 'care')",67,7
"('emissions', 'trading')",67,7
"('quality', 'life')",66,7
"('foreign', 'policy')",66,7
"('power', 'plants')",66,7
"('transport', 'infrastructure')",66,7
"('policy', 'must')",66,7
"('state', 'governments')",65,7
"('party', 'support')",64,7
"('recent', 'years')",64,7
"('create', 'new')",64,7
"('agricultural', 'policy')",64,7
"('skilled', 'workers')",63,7
"('party', 'must')",62,7
"('cdu', 'csu')",61,7
"('party', 'work')",60,7
"('party', 'create')",58,7
"('research', 'innovation')",58,7
"('collective', 'bargaining')",58,7
"('legislative', 'period')",56,7
"('want', 'achieve')",56,7
"('also', 'includes')",55,7
"('among', 'things')",55,7
"('legal', 'framework')",54,7
"('high', 'level')",54,7
"('greenhouse', 'gas')",54,7
"('united', 'nations')",54,7
"('young', 'people')",175,8
"('per', 'cent')",169,8
"('recent', 'years')",126,8
"('health', 'care')",115,8
"('interest', 'rates')",107,8
"('climate', 'change')",102,8
"('social', 'security')",86,8
"('economic', 'growth')",83,8
"('every', 'year')",82,8
"('million', 'people')",79,8
"('many', 'people')",79,8
"('four', 'years')",73,8
"('economic', 'crisis')",60,8
"('federal', 'government')",58,8
"('years', 'ago')",57,8
"('last', 'year')",55,8
"('new', 'jobs')",53,8
"('labor', 'market')",49,8
"('millions', 'people')",47,8
"('billion', 'euros')",47,8
"('public', 'services')",46,8
"('hundreds', 'thousands')",45,8
"('public', 'sector')",45,8
"('united', 'states')",45,8
"('small', 'businesses')",41,8
"('private', 'sector')",40,8
"('living', 'standards')",39,8
"('higher', 'education')",38,8
"('health', 'service')",37,8
"('five', 'years')",37,8
"('quality', 'life')",37,8
"('income', 'tax')",37,8
"('labour', 'government')",37,8
"('one', 'million')",36,8
"('eight', 'years')",36,8
"('20', 'years')",35,8
"('first', 'time')",35,8
"('rural', 'areas')",34,8
"('older', 'people')",34,8
"('small', 'business')",34,8
"('every', 'day')",33,8
"('per', 'year')",33,8
"('two', 'years')",33,8
"('mental', 'health')",33,8
"('health', 'insurance')",33,8
"('three', 'years')",33,8
"('middle', 'class')",33,8
"('ten', 'years')",32,8
"('party', 'continue')",31,8
"('small', 'mediumsized')",30,8
"('tax', 'rates')",30,8
"('many', 'years')",30,8
"('european', 'union')",30,8
"('old', 'age')",30,8
"('men', 'women')",30,8
"('cost', 'living')",29,8
"('jobs', 'created')",29,8
"('working', 'conditions')",29,8
"('people', 'work')",29,8
"('took', 'office')",29,8
"('rich', 'poor')",28,8
"('tax', 'system')",28,8
"('raw', 'materials')",28,8
"('people', 'party')",27,8
"('public', 'health')",27,8
"('standard', 'living')",27,8
"('many', 'places')",27,8
"('social', 'care')",27,8
"('public', 'debt')",26,8
"('financial', 'markets')",26,8
"('party', 'also')",26,8
"('unemployment', 'rate')",26,8
"('public', 'spending')",26,8
"('two', 'million')",26,8
"('billion', 'year')",26,8
"('millions', 'americans')",26,8
"('ends', 'meet')",25,8
"('education', 'system')",25,8
"('goods', 'services')",25,8
"('tens', 'thousands')",25,8
"('state', 'local')",25,8
"('armed', 'forces')",25,8
"('long', 'term')",25,8
"('social', 'housing')",25,8
"('make', 'ends')",24,8
"('economic', 'social')",24,8
"('mediumsized', 'enterprises')",24,8
"('research', 'development')",24,8
"('conservative', 'government')",24,8
"('tax', 'revenues')",23,8
"('food', 'prices')",23,8
"('european', 'countries')",23,8
"('waiting', 'lists')",23,8
"('single', 'parents')",23,8
"('last', 'four')",23,8
"('public', 'transport')",23,8
"('corona', 'crisis')",23,8
"('northern', 'ireland')",23,8
"('many', 'countries')",22,8
"('around', 'world')",22,8
"('united', 'states')",169,9
"('foreign', 'policy')",112,9
"('party', 'party')",106,9
"('european', 'union')",102,9
"('human', 'rights')",101,9
"('soviet', 'union')",92,9
"('american', 'people')",85,9
"('federal', 'government')",81,9
"('social', 'security')",78,9
"('young', 'people')",70,9
"('government', 'party')",67,9
"('party', 'continue')",62,9
"('four', 'years')",59,9
"('labour', 'government')",58,9
"('political', 'system')",56,9
"('health', 'care')",56,9
"('national', 'security')",55,9
"('armed', 'forces')",55,9
"('nuclear', 'weapons')",55,9
"('recent', 'years')",52,9
"('greek', 'people')",52,9
"('republican', 'administration')",50,9
"('climate', 'change')",49,9
"('economic', 'growth')",48,9
"('years', 'ago')",48,9
"('prime', 'minister')",46,9
"('reagan', 'administration')",44,9
"('many', 'people')",43,9
"('die', 'linke')",43,9
"('conservative', 'government')",43,9
"('united', 'nations')",42,9
"('three', 'years')",42,9
"('british', 'people')",42,9
"('trade', 'unions')",40,9
"('middle', 'east')",40,9
"('rule', 'law')",40,9
"('party', 'make')",40,9
"('private', 'sector')",40,9
"('people', 'party')",40,9
"('current', 'administration')",40,9
"('men', 'women')",39,9
"('labour', 'party')",39,9
"('public', 'services')",38,9
"('public', 'sector')",38,9
"('party', 'never')",38,9
"('party', 'take')",37,9
"('economic', 'crisis')",37,9
"('northern', 'ireland')",37,9
"('administration', 'party')",36,9
"('rightwing', 'extremism')",36,9
"('carter', 'administration')",36,9
"('ukip', 'party')",35,9
"('pasok', 'nd')",34,9
"('president', 'party')",34,9
"('put', 'end')",33,9
"('welfare', 'state')",33,9
"('grand', 'coalition')",33,9
"('twoparty', 'system')",32,9
"('many', 'years')",32,9
"('nuclear', 'power')",32,9
"('bill', 'clinton')",32,9
"('republican', 'president')",32,9
"('middle', 'class')",31,9
"('trade', 'union')",30,9
"('first', 'time')",30,9
"('around', 'world')",30,9
"('five', 'years')",30,9
"('german', 'government')",30,9
"('cold', 'war')",29,9
"('party', 'work')",29,9
"('market', 'economy')",29,9
"('eight', 'years')",29,9
"('interest', 'rates')",28,9
"('economic', 'policy')",28,9
"('cducsu', 'fdp')",28,9
"('health', 'service')",28,9
"('uk', 'government')",28,9
"('political', 'parties')",27,9
"('local', 'government')",27,9
"('president', 'bush')",27,9
"('party', 'government')",26,9
"('party', 'allow')",26,9
"('education', 'system')",26,9
"('civil', 'servants')",26,9
"('stock', 'market')",26,9
"('arms', 'control')",26,9
"('white', 'house')",26,9
"('house', 'commons')",26,9
"('president', 'reagan')",26,9
"('civil', 'society')",25,9
"('public', 'administration')",25,9
"('party', 'lead')",25,9
"('party', 'use')",25,9
"('party', 'also')",25,9
"('per', 'cent')",25,9
"('democratic', 'administration')",25,9
"('party', 'give')",24,9
"('party', 'become')",24,9
"('long', 'term')",24,9
"('party', 'able')",24,9
"('billion', 'tl')",271,10
"('billion', 'dollars')",177,10
"('million', 'tl')",170,10
"('increased', 'number')",165,10
"('within', 'scope')",155,10
"('percent', '2002')",124,10
"('per', 'cent')",100,10
"('first', 'time')",97,10
"('natural', 'gas')",92,10
"('2002', 'increased')",90,10
"('usd', 'billion')",89,10
"('drinking', 'water')",87,10
"('per', 'year')",86,10
"('private', 'sector')",72,10
"('party', 'increase')",71,10
"('1', 'million')",69,10
"('higher', 'education')",67,10
"('percent', 'percent')",66,10
"('thousand', 'people')",65,10
"('party', 'continue')",65,10
"('social', 'security')",63,10
"('action', 'plan')",63,10
"('billion', 'euros')",61,10
"('million', 'people')",58,10
"('1', 'billion')",57,10
"('young', 'people')",57,10
"('2002', 'percent')",55,10
"('per', 'capita')",54,10
"('national', 'income')",53,10
"('real', 'terms')",52,10
"('tl', '2002')",50,10
"('public', 'sector')",49,10
"('within', 'framework')",49,10
"('put', 'service')",48,10
"('million', 'tons')",48,10
"('high', 'speed')",48,10
"('party', 'increased')",47,10
"('total', 'number')",47,10
"('party', 'party')",46,10
"('million', 'hectares')",45,10
"('speed', 'train')",44,10
"('increased', 'percent')",42,10
"('rural', 'development')",42,10
"('class', 'roads')",42,10
"('academic', 'year')",41,10
"('km', 'represents')",41,10
"('labor', 'force')",40,10
"('black', 'sea')",40,10
"('new', 'jobs')",40,10
"('party', 'complete')",40,10
"('disabled', 'people')",40,10
"('party', 'completed')",40,10
"('project', 'party')",40,10
"('end', '2002')",39,10
"('made', 'significant')",39,10
"('tl', 'billion')",39,10
"('2002', 'number')",38,10
"('minimum', 'wage')",38,10
"('social', 'assistance')",38,10
"('81', 'provinces')",38,10
"('european', 'union')",36,10
"('increase', 'number')",36,10
"('regional', 'development')",36,10
"('recent', 'years')",36,10
"('growth', 'rate')",34,10
"('billion', '2002')",34,10
"('across', 'country')",34,10
"('2', 'billion')",34,10
"('prime', 'minister')",34,10
"('end', '2014')",34,10
"('represents', 'total')",34,10
"('roads', 'region')",34,10
"('50', 'percent')",33,10
"('percent', '2014')",33,10
"('party', 'one')",32,10
"('2002', 'reached')",32,10
"('health', 'services')",32,10
"('wastewater', 'treatment')",32,10
"('interest', 'rates')",31,10
"('percent', 'gdp')",31,10
"('unemployment', 'rate')",31,10
"('secondary', 'education')",31,10
"('2', 'million')",31,10
"('debt', 'stock')",30,10
"('dollars', '2002')",30,10
"('party', 'government')",30,10
"('party', 'also')",30,10
"('four', 'years')",30,10
"('million', '2002')",30,10
"('rate', 'percent')",30,10
"('highspeed', 'train')",30,10
"('last', 'year')",30,10
"('eu', 'average')",29,10
"('every', 'year')",29,10
"('percent', 'real')",29,10
"('party', 'reach')",29,10
"('three', 'years')",29,10
"('treatment', 'plants')",29,10
"('party', 'ranked')",28,10
"('per', 'day')",28,10
"('health', 'care')",532,11
"('united', 'states')",452,11
"('federal', 'government')",371,11
"('democrats', 'party')",307,11
"('party', 'continue')",276,11
"('state', 'local')",252,11
"('party', 'work')",190,11
"('democrats', 'believe')",173,11
"('party', 'also')",162,11
"('private', 'sector')",160,11
"('american', 'people')",160,11
"('economic', 'growth')",155,11
"('social', 'security')",154,11
"('law', 'enforcement')",151,11
"('president', 'bush')",143,11
"('national', 'security')",136,11
"('party', 'ensure')",126,11
"('civil', 'rights')",126,11
"('small', 'businesses')",126,11
"('party', 'make')",124,11
"('small', 'business')",122,11
"('men', 'women')",121,11
"('local', 'governments')",120,11
"('party', 'support')",117,11
"('federal', 'state')",115,11
"('human', 'rights')",107,11
"('health', 'insurance')",105,11
"('climate', 'change')",104,11
"('administration', 'party')",100,11
"('public', 'health')",100,11
"('research', 'development')",95,11
"('federal', 'programs')",94,11
"('around', 'world')",94,11
"('tax', 'credit')",93,11
"('republican', 'congress')",93,11
"('four', 'years')",86,11
"('higher', 'education')",86,11
"('democratic', 'administration')",85,11
"('every', 'american')",84,11
"('support', 'efforts')",83,11
"('government', 'must')",81,11
"('armed', 'forces')",81,11
"('party', 'party')",78,11
"('clean', 'energy')",78,11
"('young', 'people')",77,11
"('people', 'disabilities')",76,11
"('must', 'continue')",76,11
"('must', 'also')",76,11
"('mental', 'health')",76,11
"('republican', 'administration')",76,11
"('party', 'provide')",75,11
"('rule', 'law')",75,11
"('party', 'protect')",73,11
"('party', 'fight')",73,11
"('president', 'obama')",73,11
"('economic', 'development')",71,11
"('make', 'sure')",71,11
"('21st', 'century')",70,11
"('public', 'lands')",69,11
"('american', 'workers')",66,11
"('also', 'support')",65,11
"('president', 'party')",65,11
"('congressional', 'republicans')",65,11
"('party', 'help')",63,11
"('tax', 'code')",63,11
"('public', 'private')",63,11
"('party', 'restore')",63,11
"('party', 'expand')",62,11
"('interest', 'rates')",61,11
"('republican', 'president')",61,11
"('party', 'increase')",60,11
"('natural', 'gas')",59,11
"('natural', 'resources')",59,11
"('health', 'safety')",58,11
"('middle', 'class')",58,11
"('continue', 'support')",58,11
"('republicans', 'believe')",58,11
"('party', 'seek')",57,11
"('trade', 'agreements')",56,11
"('farmers', 'ranchers')",56,11
"('equal', 'rights')",55,11
"('party', 'encourage')",55,11
"('child', 'care')",54,11
"('rural', 'areas')",54,11
"('party', 'end')",54,11
"('millions', 'americans')",54,11
"('criminal', 'justice')",53,11
"('foreign', 'policy')",53,11
"('republicans', 'party')",53,11
"('democrats', 'support')",52,11
"('job', 'creation')",51,11
"('supreme', 'court')",51,11
"('new', 'jobs')",50,11
"('tax', 'cuts')",50,11
"('party', 'require')",50,11
"('create', 'new')",49,11
"('american', 'indians')",49,11
"('party', 'create')",48,11
"('democrats', 'committed')",48,11
"('white', 'house')",48,11
"('party', 'party')",136,12
"('american', 'people')",109,12
"('united', 'states')",104,12
"('human', 'rights')",104,12
"('foreign', 'policy')",98,12
"('party', 'continue')",80,12
"('people', 'party')",69,12
"('social', 'justice')",65,12
"('young', 'people')",63,12
"('21st', 'century')",62,12
"('european', 'union')",62,12
"('public', 'services')",60,12
"('market', 'economy')",60,12
"('future', 'generations')",59,12
"('government', 'party')",59,12
"('free', 'democrats')",58,12
"('party', 'make')",57,12
"('social', 'security')",54,12
"('four', 'years')",54,12
"('around', 'world')",54,12
"('british', 'people')",54,12
"('economic', 'growth')",53,12
"('climate', 'change')",52,12
"('social', 'market')",52,12
"('northern', 'ireland')",49,12
"('party', 'must')",46,12
"('new', 'era')",46,12
"('men', 'women')",45,12
"('party', 'take')",44,12
"('party', 'work')",43,12
"('hard', 'work')",43,12
"('rule', 'law')",42,12
"('welfare', 'state')",42,12
"('people', 'want')",42,12
"('quality', 'life')",41,12
"('many', 'people')",40,12
"('common', 'good')",40,12
"('cdu', 'csu')",40,12
"('party', 'always')",38,12
"('work', 'together')",38,12
"('move', 'forward')",36,12
"('years', 'ago')",36,12
"('future', 'party')",35,12
"('every', 'american')",35,12
"('party', 'ensure')",34,12
"('people', 'country')",34,12
"('united', 'nations')",34,12
"('peace', 'freedom')",33,12
"('need', 'new')",33,12
"('better', 'future')",33,12
"('let', 'us')",32,12
"('party', 'never')",32,12
"('world', 'party')",32,12
"('civil', 'rights')",32,12
"('party', 'needs')",31,12
"('make', 'party')",31,12
"('together', 'party')",30,12
"('must', 'also')",30,12
"('want', 'continue')",30,12
"('federal', 'government')",30,12
"('make', 'sure')",30,12
"('believe', 'party')",29,12
"('want', 'make')",29,12
"('want', 'strengthen')",29,12
"('conservative', 'government')",29,12
"('new', 'social')",28,12
"('national', 'interest')",28,12
"('natural', 'resources')",28,12
"('want', 'party')",28,12
"('die', 'linke')",28,12
"('labour', 'government')",28,12
"('national', 'security')",28,12
"('american', 'dream')",28,12
"('strong', 'party')",27,12
"('new', 'labour')",27,12
"('party', 'europe')",27,12
"('must', 'continue')",27,12
"('democratic', 'rally')",27,12
"('five', 'years')",26,12
"('party', 'believe')",26,12
"('strong', 'economy')",26,12
"('climate', 'protection')",26,12
"('working', 'people')",26,12
"('policies', 'party')",25,12
"('country', 'party')",25,12
"('economic', 'social')",25,12
"('recent', 'years')",25,12
"('new', 'ideas')",25,12
"('armed', 'forces')",25,12
"('party', 'succeed')",24,12
"('economic', 'crisis')",24,12
"('party', 'strong')",24,12
"('party', 'also')",24,12
"('create', 'new')",24,12
"('health', 'care')",24,12
"('sustainable', 'development')",24,12
"('civil', 'society')",24,12
"('better', 'party')",24,12
"('must', 'remain')",24,12
"('personal', 'responsibility')",24,12
"('human', 'rights')",427,13
"('party', 'party')",412,13
"('foreign', 'policy')",409,13
"('rule', 'law')",322,13
"('rights', 'freedoms')",254,13
"('civil', 'society')",217,13
"('party', 'continue')",216,13
"('fundamental', 'rights')",211,13
"('economic', 'social')",210,13
"('european', 'union')",196,13
"('young', 'people')",185,13
"('party', 'ensure')",183,13
"('quality', 'life')",179,13
"('within', 'framework')",167,13
"('social', 'security')",165,13
"('social', 'justice')",164,13
"('public', 'administration')",156,13
"('nationalist', 'movement')",145,13
"('market', 'economy')",141,13
"('movement', 'party')",136,13
"('turkish', 'nation')",135,13
"('republic', 'party')",117,13
"('21st', 'century')",116,13
"('education', 'system')",114,13
"('economic', 'development')",113,13
"('sustainable', 'development')",113,13
"('social', 'cohesion')",111,13
"('party', 'make')",105,13
"('welfare', 'state')",103,13
"('policy', 'party')",98,13
"('country', 'party')",97,13
"('new', 'constitution')",94,13
"('social', 'life')",93,13
"('social', 'economic')",91,13
"('political', 'system')",91,13
"('party', 'take')",90,13
"('basic', 'law')",89,13
"('future', 'generations')",88,13
"('political', 'economic')",87,13
"('information', 'society')",86,13
"('cultural', 'heritage')",86,13
"('alliance', '90the')",84,13
"('90the', 'greens')",84,13
"('national', 'unity')",82,13
"('social', 'market')",81,13
"('party', 'government')",79,13
"('party', 'believes')",78,13
"('party', 'considers')",77,13
"('social', 'political')",77,13
"('environmental', 'protection')",77,13
"('economic', 'growth')",76,13
"('government', 'party')",75,13
"('party', 'become')",75,13
"('public', 'services')",74,13
"('human', 'dignity')",73,13
"('social', 'cultural')",73,13
"('one', 'hand')",73,13
"('people', 'party')",73,13
"('social', 'state')",73,13
"('public', 'sector')",73,13
"('equal', 'opportunities')",72,13
"('higher', 'education')",72,13
"('health', 'care')",71,13
"('natural', 'resources')",70,13
"('political', 'social')",68,13
"('democracy', 'party')",67,13
"('party', 'also')",67,13
"('international', 'law')",66,13
"('armed', 'forces')",64,13
"('private', 'sector')",64,13
"('party', 'must')",64,13
"('cdu', 'csu')",63,13
"('every', 'citizen')",62,13
"('party', 'work')",61,13
"('system', 'party')",61,13
"('human', 'beings')",60,13
"('political', 'parties')",60,13
"('party', 'strengthen')",60,13
"('science', 'technology')",60,13
"('national', 'interests')",60,13
"('civil', 'rights')",58,13
"('party', 'able')",57,13
"('social', 'peace')",57,13
"('united', 'nations')",57,13
"('labor', 'market')",57,13
"('spiritual', 'values')",57,13
"('state', 'party')",56,13
"('international', 'relations')",56,13
"('social', 'welfare')",56,13
"('economic', 'policy')",56,13
"('freedom', 'religion')",55,13
"('social', 'solidarity')",55,13
"('citizens', 'party')",55,13
"('every', 'field')",55,13
"('human', 'resources')",55,13
"('art', 'culture')",54,13
"('society', 'party')",54,13
"('political', 'life')",54,13
"('education', 'training')",53,13
"('high', 'quality')",53,13
"('party', 'ensure')",1383,14
"('party', 'make')",710,14
"('party', 'increase')",689,14
"('party', 'establish')",614,14
"('party', 'provide')",608,14
"('party', 'continue')",522,14
"('party', 'support')",369,14
"('party', 'implement')",366,14
"('party', 'develop')",355,14
"('party', 'create')",353,14
"('party', 'strengthen')",278,14
"('party', 'encourage')",275,14
"('young', 'people')",272,14
"('party', 'take')",254,14
"('party', 'improve')",241,14
"('party', 'party')",223,14
"('party', 'expand')",223,14
"('party', 'also')",211,14
"('party', 'prevent')",206,14
"('party', 'reduce')",200,14
"('party', 'put')",173,14
"('private', 'sector')",172,14
"('education', 'party')",171,14
"('local', 'governments')",169,14
"('party', 'give')",165,14
"('put', 'end')",159,14
"('party', 'work')",157,14
"('increase', 'number')",156,14
"('party', 'prepare')",150,14
"('services', 'party')",149,14
"('within', 'framework')",144,14
"('sector', 'party')",144,14
"('party', 'abolish')",143,14
"('system', 'party')",141,14
"('party', 'eliminate')",140,14
"('party', 'end')",133,14
"('social', 'security')",129,14
"('health', 'services')",128,14
"('party', 'allow')",127,14
"('within', 'scope')",127,14
"('party', 'introduce')",126,14
"('party', 'remove')",121,14
"('party', 'prioritize')",116,14
"('party', 'enable')",115,14
"('public', 'institutions')",114,14
"('party', 'reorganize')",113,14
"('party', 'bring')",113,14
"('higher', 'education')",111,14
"('public', 'sector')",110,14
"('party', 'complete')",108,14
"('party', 'build')",107,14
"('centers', 'party')",100,14
"('program', 'party')",99,14
"('context', 'party')",98,14
"('party', 'protect')",98,14
"('party', 'promote')",98,14
"('party', 'restructure')",97,14
"('taking', 'account')",97,14
"('period', 'party')",94,14
"('party', 'carry')",93,14
"('party', 'organize')",91,14
"('party', 'review')",91,14
"('free', 'charge')",90,14
"('areas', 'party')",90,14
"('make', 'necessary')",89,14
"('civil', 'society')",84,14
"('coming', 'period')",84,14
"('rights', 'party')",83,14
"('schools', 'party')",83,14
"('people', 'party')",81,14
"('life', 'party')",80,14
"('urban', 'transformation')",80,14
"('law', 'party')",78,14
"('economic', 'social')",77,14
"('party', 'accelerate')",76,14
"('party', 'raise')",75,14
"('country', 'party')",74,14
"('party', 'transform')",73,14
"('family', 'insurance')",73,14
"('public', 'services')",72,14
"('party', 'set')",72,14
"('party', 'open')",71,14
"('high', 'schools')",71,14
"('party', 'include')",69,14
"('citizens', 'party')",69,14
"('legal', 'arrangements')",69,14
"('secondary', 'education')",69,14
"('party', 'use')",68,14
"('policies', 'party')",66,14
"('party', 'realize')",65,14
"('care', 'services')",65,14
"('culture', 'arts')",64,14
"('take', 'measures')",63,14
"('human', 'rights')",63,14
"('vocational', 'training')",63,14
"('energy', 'efficiency')",62,14
"('public', 'procurement')",62,14
"('health', 'care')",61,14
"('people', 'disabilities')",61,14
"('action', 'plan')",61,14
"('must', 'also')",241,15
"('human', 'rights')",195,15
"('federal', 'government')",165,15
"('die', 'linke')",158,15
"('data', 'protection')",144,15
"('free', 'democrats')",139,15
"('social', 'security')",125,15
"('basic', 'law')",107,15
"('pirate', 'party')",106,15
"('collective', 'bargaining')",93,15
"('rule', 'law')",87,15
"('fundamental', 'rights')",87,15
"('federal', 'state')",86,15
"('public', 'sector')",84,15
"('health', 'insurance')",82,15
"('criminal', 'law')",81,15
"('must', 'made')",80,15
"('want', 'abolish')",79,15
"('member', 'states')",78,15
"('want', 'strengthen')",76,15
"('democrats', 'want')",74,15
"('trade', 'unions')",73,15
"('also', 'want')",73,15
"('tax', 'evasion')",71,15
"('young', 'people')",69,15
"('collective', 'agreements')",69,15
"('party', 'also')",68,15
"('consumer', 'protection')",68,15
"('european', 'union')",67,15
"('health', 'care')",67,15
"('must', 'given')",66,15
"('law', 'enforcement')",66,15
"('must', 'become')",66,15
"('nuclear', 'power')",66,15
"('labor', 'market')",65,15
"('law', 'must')",62,15
"('federal', 'states')",62,15
"('must', 'finally')",59,15
"('animal', 'welfare')",59,15
"('power', 'plants')",58,15
"('want', 'make')",57,15
"('private', 'sector')",56,15
"('must', 'able')",56,15
"('personal', 'data')",55,15
"('nature', 'conservation')",55,15
"('therefore', 'want')",55,15
"('state', 'must')",54,15
"('put', 'end')",53,15
"('local', 'authorities')",53,15
"('climate', 'protection')",53,15
"('european', 'level')",53,15
"('must', 'remain')",52,15
"('must', 'abolished')",51,15
"('party', 'continue')",51,15
"('public', 'services')",51,15
"('also', 'includes')",51,15
"('want', 'create')",51,15
"('party', 'ensure')",50,15
"('political', 'parties')",50,15
"('must', 'take')",50,15
"('must', 'strengthened')",50,15
"('asylum', 'seekers')",49,15
"('long', 'term')",49,15
"('minimum', 'wage')",49,15
"('small', 'mediumsized')",48,15
"('taken', 'account')",47,15
"('arms', 'exports')",47,15
"('works', 'councils')",47,15
"('trade', 'union')",45,15
"('must', 'ensured')",45,15
"('working', 'hours')",45,15
"('local', 'government')",45,15
"('european', 'parliament')",45,15
"('constitutional', 'court')",44,15
"('members', 'parliament')",44,15
"('want', 'ban')",44,15
"('civil', 'society')",43,15
"('working', 'conditions')",43,15
"('real', 'estate')",43,15
"('civil', 'rights')",43,15
"('want', 'introduce')",43,15
"('recent', 'years')",42,15
"('among', 'things')",42,15
"('state', 'governments')",42,15
"('must', 'therefore')",42,15
"('tax', 'system')",41,15
"('environmental', 'protection')",41,15
"('act', 'must')",41,15
"('united', 'nations')",40,15
"('take', 'place')",40,15
"('must', 'longer')",39,15
"('nuclear', 'waste')",39,15
"('committed', 'ensuring')",39,15
"('companies', 'must')",39,15
"('international', 'law')",38,15
"('public', 'transport')",38,15
"('copyright', 'law')",38,15
"('data', 'retention')",38,15
"('party', 'party')",37,15
"('within', 'framework')",37,15
